{"vertices":[-2.5,-10,1.564871,-2.5,0,1.564871,-2.5,0,-35.435127,-2.5,-10,-35.435127,-2.5,-10,-35.435127,-2.5,0,-35.435127,2.5,0,-35.435127,2.5,-10,-35.435127,2.5,-10,-35.435127,2.5,0,-35.435127,2.5,0,1.564871,2.5,-10,1.564871,2.5,-10,1.564871,2.5,0,1.564871,-2.5,0,1.564871,-2.5,-10,1.564871,-2.5,-10,-35.435127,2.5,-10,-35.435127,2.5,-10,1.564871,-2.5,-10,1.564871,2.5,0,-35.435127,-2.5,0,-35.435127,-2.5,0,1.564871,2.5,0,1.564871,2.5,-10,-30.556561,2.5,0,-30.556561,2.5,0,-50.556561,2.5,-10,-50.556561,2.5,-10,-50.556561,2.5,0,-50.556561,7.5,0,-50.556561,7.5,-10,-50.556561,7.5,-10,-50.556561,7.5,0,-50.556561,7.5,0,-30.556561,7.5,-10,-30.556561,7.5,-10,-30.556561,7.5,0,-30.556561,2.5,0,-30.556561,2.5,-10,-30.556561,2.5,-10,-50.556561,7.5,-10,-50.556561,7.5,-10,-30.556561,2.5,-10,-30.556561,7.5,0,-50.556561,2.5,0,-50.556561,2.5,0,-30.556561,7.5,0,-30.556561],"texcoords":[0.410604,0.994453,0.656,0.99329,0.655253,0.5904389999999999,0.409857,0.591161,0.409857,0.591161,0.655253,0.5904389999999999,0.654506,0.521459,0.40911,0.522161,0.40911,0.522161,0.654506,0.521459,0.653759,0.075623,0.408363,0.07606900000000005,0.408363,0.07606900000000005,0.653759,0.075623,0.653012,-0.0006569999999999077,0.407616,-0.0003629999999998912,0.163715,0.43589100000000003,0.40911,0.522161,0.408363,0.07606900000000005,0.162968,0.190496,0.725868,0.987523,0.971264,0.984631,0.970517,0.03480300000000003,0.725121,0.037695000000000034,0.375,0.96875,0.625,0.96875,0.625,0.636471,0.375,0.636471,0.375,0.636471,0.625,0.636471,0.625,0.551029,0.375,0.551029,0.375,0.551029,0.625,0.551029,0.625,0.13122,0.375,0.13122,0.375,0.13122,0.625,0.13122,0.625,0.05628,0.375,0.05628,0.125,0.46875,0.375,0.551029,0.375,0.13122,0.125,0.21875,0.723431,0.619981,0.973431,0.619981,0.973431,0.130019,0.723431,0.130019],"normals":[-1,0,0,-1,0,0,-1,0,0,-1,0,0,0,0,-1,0,0,-1,0,0,-1,0,0,-1,1,0,0,1,0,0,1,0,0,1,0,0,0,0,1,0,0,1,0,0,1,0,0,1,0,-1,0,0,-1,0,0,-1,0,0,-1,0,0,1,0,0,1,0,0,1,0,0,1,0,-1,0,0,-1,0,0,-1,0,0,-1,0,0,0,0,-1,0,0,-1,0,0,-1,0,0,-1,1,0,0,1,0,0,1,0,0,1,0,0,0,0,1,0,0,1,0,0,1,0,0,1,0,-1,0,0,-1,0,0,-1,0,0,-1,0,0,1,0,0,1,0,0,1,0,0,1,0],"indices":[0,1,2,0,2,3,4,5,6,4,6,7,8,9,10,8,10,11,12,13,14,12,14,15,16,17,18,16,18,19,20,21,22,20,22,23,24,25,26,24,26,27,28,29,30,28,30,31,32,33,34,32,34,35,36,37,38,36,38,39,40,41,42,40,42,43,44,45,46,44,46,47]}